Project:name:idr0079-hartmann-lateralline/experimentA/Dataset:name:A	/uod/idr/metadata/idr0079-hartmann-lateralline/companions/experimentA/056F63395C/056F63395C.companion.ome
Project:name:idr0079-hartmann-lateralline/experimentA/Dataset:name:A_seg	/uod/idr/metadata/idr0079-hartmann-lateralline/companions/experimentA/056F63395C/056F63395C_seg.companion.ome
Project:name:idr0079-hartmann-lateralline/experimentA/Dataset:name:A	/uod/idr/metadata/idr0079-hartmann-lateralline/companions/experimentA/08B96BE794/08B96BE794.companion.ome
Project:name:idr0079-hartmann-lateralline/experimentA/Dataset:name:A_seg	/uod/idr/metadata/idr0079-hartmann-lateralline/companions/experimentA/08B96BE794/08B96BE794_seg.companion.ome
Project:name:idr0079-hartmann-lateralline/experimentA/Dataset:name:A	/uod/idr/metadata/idr0079-hartmann-lateralline/companions/experimentA/0B51F8B46C/0B51F8B46C.companion.ome
Project:name:idr0079-hartmann-lateralline/experimentA/Dataset:name:A_seg	/uod/idr/metadata/idr0079-hartmann-lateralline/companions/experimentA/0B51F8B46C/0B51F8B46C_seg.companion.ome
Project:name:idr0079-hartmann-lateralline/experimentA/Dataset:name:A	/uod/idr/metadata/idr0079-hartmann-lateralline/companions/experimentA/0E48AB134C/0E48AB134C.companion.ome
Project:name:idr0079-hartmann-lateralline/experimentA/Dataset:name:A_seg	/uod/idr/metadata/idr0079-hartmann-lateralline/companions/experimentA/0E48AB134C/0E48AB134C_seg.companion.ome
Project:name:idr0079-hartmann-lateralline/experimentA/Dataset:name:A	/uod/idr/metadata/idr0079-hartmann-lateralline/companions/experimentA/1C43D83E9A/1C43D83E9A.companion.ome
Project:name:idr0079-hartmann-lateralline/experimentA/Dataset:name:A_seg	/uod/idr/metadata/idr0079-hartmann-lateralline/companions/experimentA/1C43D83E9A/1C43D83E9A_seg.companion.ome
Project:name:idr0079-hartmann-lateralline/experimentA/Dataset:name:A	/uod/idr/metadata/idr0079-hartmann-lateralline/companions/experimentA/22DF2AE1A0/22DF2AE1A0.companion.ome
Project:name:idr0079-hartmann-lateralline/experimentA/Dataset:name:A_seg	/uod/idr/metadata/idr0079-hartmann-lateralline/companions/experimentA/22DF2AE1A0/22DF2AE1A0_seg.companion.ome
Project:name:idr0079-hartmann-lateralline/experimentA/Dataset:name:A	/uod/idr/metadata/idr0079-hartmann-lateralline/companions/experimentA/2902E38204/2902E38204.companion.ome
Project:name:idr0079-hartmann-lateralline/experimentA/Dataset:name:A_seg	/uod/idr/metadata/idr0079-hartmann-lateralline/companions/experimentA/2902E38204/2902E38204_seg.companion.ome
Project:name:idr0079-hartmann-lateralline/experimentA/Dataset:name:A	/uod/idr/metadata/idr0079-hartmann-lateralline/companions/experimentA/2B23352582/2B23352582.companion.ome
Project:name:idr0079-hartmann-lateralline/experimentA/Dataset:name:A_seg	/uod/idr/metadata/idr0079-hartmann-lateralline/companions/experimentA/2B23352582/2B23352582_seg.companion.ome
Project:name:idr0079-hartmann-lateralline/experimentA/Dataset:name:A	/uod/idr/metadata/idr0079-hartmann-lateralline/companions/experimentA/3612A6CEF5/3612A6CEF5.companion.ome
Project:name:idr0079-hartmann-lateralline/experimentA/Dataset:name:A_seg	/uod/idr/metadata/idr0079-hartmann-lateralline/companions/experimentA/3612A6CEF5/3612A6CEF5_seg.companion.ome
Project:name:idr0079-hartmann-lateralline/experimentA/Dataset:name:A	/uod/idr/metadata/idr0079-hartmann-lateralline/companions/experimentA/4DC24FC301/4DC24FC301.companion.ome
Project:name:idr0079-hartmann-lateralline/experimentA/Dataset:name:A_seg	/uod/idr/metadata/idr0079-hartmann-lateralline/companions/experimentA/4DC24FC301/4DC24FC301_seg.companion.ome
Project:name:idr0079-hartmann-lateralline/experimentA/Dataset:name:A	/uod/idr/metadata/idr0079-hartmann-lateralline/companions/experimentA/673A65D087/673A65D087.companion.ome
Project:name:idr0079-hartmann-lateralline/experimentA/Dataset:name:A_seg	/uod/idr/metadata/idr0079-hartmann-lateralline/companions/experimentA/673A65D087/673A65D087_seg.companion.ome
Project:name:idr0079-hartmann-lateralline/experimentA/Dataset:name:A	/uod/idr/metadata/idr0079-hartmann-lateralline/companions/experimentA/6F18162F4C/6F18162F4C.companion.ome
Project:name:idr0079-hartmann-lateralline/experimentA/Dataset:name:A_seg	/uod/idr/metadata/idr0079-hartmann-lateralline/companions/experimentA/6F18162F4C/6F18162F4C_seg.companion.ome
Project:name:idr0079-hartmann-lateralline/experimentA/Dataset:name:A	/uod/idr/metadata/idr0079-hartmann-lateralline/companions/experimentA/8713481504/8713481504.companion.ome
Project:name:idr0079-hartmann-lateralline/experimentA/Dataset:name:A_seg	/uod/idr/metadata/idr0079-hartmann-lateralline/companions/experimentA/8713481504/8713481504_seg.companion.ome
Project:name:idr0079-hartmann-lateralline/experimentA/Dataset:name:A	/uod/idr/metadata/idr0079-hartmann-lateralline/companions/experimentA/8C633380D2/8C633380D2.companion.ome
Project:name:idr0079-hartmann-lateralline/experimentA/Dataset:name:A_seg	/uod/idr/metadata/idr0079-hartmann-lateralline/companions/experimentA/8C633380D2/8C633380D2_seg.companion.ome
Project:name:idr0079-hartmann-lateralline/experimentA/Dataset:name:A	/uod/idr/metadata/idr0079-hartmann-lateralline/companions/experimentA/8C83D4387F/8C83D4387F.companion.ome
Project:name:idr0079-hartmann-lateralline/experimentA/Dataset:name:A_seg	/uod/idr/metadata/idr0079-hartmann-lateralline/companions/experimentA/8C83D4387F/8C83D4387F_seg.companion.ome
Project:name:idr0079-hartmann-lateralline/experimentA/Dataset:name:A	/uod/idr/metadata/idr0079-hartmann-lateralline/companions/experimentA/8CA33561B5/8CA33561B5.companion.ome
Project:name:idr0079-hartmann-lateralline/experimentA/Dataset:name:A_seg	/uod/idr/metadata/idr0079-hartmann-lateralline/companions/experimentA/8CA33561B5/8CA33561B5_seg.companion.ome
Project:name:idr0079-hartmann-lateralline/experimentA/Dataset:name:A	/uod/idr/metadata/idr0079-hartmann-lateralline/companions/experimentA/AB98466077/AB98466077.companion.ome
Project:name:idr0079-hartmann-lateralline/experimentA/Dataset:name:A_seg	/uod/idr/metadata/idr0079-hartmann-lateralline/companions/experimentA/AB98466077/AB98466077_seg.companion.ome
Project:name:idr0079-hartmann-lateralline/experimentA/Dataset:name:A	/uod/idr/metadata/idr0079-hartmann-lateralline/companions/experimentA/B95A4F6D95/B95A4F6D95.companion.ome
Project:name:idr0079-hartmann-lateralline/experimentA/Dataset:name:A_seg	/uod/idr/metadata/idr0079-hartmann-lateralline/companions/experimentA/B95A4F6D95/B95A4F6D95_seg.companion.ome
Project:name:idr0079-hartmann-lateralline/experimentA/Dataset:name:A	/uod/idr/metadata/idr0079-hartmann-lateralline/companions/experimentA/C95F528559/C95F528559.companion.ome
Project:name:idr0079-hartmann-lateralline/experimentA/Dataset:name:A_seg	/uod/idr/metadata/idr0079-hartmann-lateralline/companions/experimentA/C95F528559/C95F528559_seg.companion.ome
Project:name:idr0079-hartmann-lateralline/experimentA/Dataset:name:A	/uod/idr/metadata/idr0079-hartmann-lateralline/companions/experimentA/CB87D7CBC9/CB87D7CBC9.companion.ome
Project:name:idr0079-hartmann-lateralline/experimentA/Dataset:name:A_seg	/uod/idr/metadata/idr0079-hartmann-lateralline/companions/experimentA/CB87D7CBC9/CB87D7CBC9_seg.companion.ome
Project:name:idr0079-hartmann-lateralline/experimentA/Dataset:name:A	/uod/idr/metadata/idr0079-hartmann-lateralline/companions/experimentA/E013272A99/E013272A99.companion.ome
Project:name:idr0079-hartmann-lateralline/experimentA/Dataset:name:A_seg	/uod/idr/metadata/idr0079-hartmann-lateralline/companions/experimentA/E013272A99/E013272A99_seg.companion.ome
Project:name:idr0079-hartmann-lateralline/experimentA/Dataset:name:A	/uod/idr/metadata/idr0079-hartmann-lateralline/companions/experimentA/E6E56C3F42/E6E56C3F42.companion.ome
Project:name:idr0079-hartmann-lateralline/experimentA/Dataset:name:A_seg	/uod/idr/metadata/idr0079-hartmann-lateralline/companions/experimentA/E6E56C3F42/E6E56C3F42_seg.companion.ome
Project:name:idr0079-hartmann-lateralline/experimentA/Dataset:name:A	/uod/idr/metadata/idr0079-hartmann-lateralline/companions/experimentA/EC77708A51/EC77708A51.companion.ome
Project:name:idr0079-hartmann-lateralline/experimentA/Dataset:name:A_seg	/uod/idr/metadata/idr0079-hartmann-lateralline/companions/experimentA/EC77708A51/EC77708A51_seg.companion.ome
Project:name:idr0079-hartmann-lateralline/experimentA/Dataset:name:A	/uod/idr/metadata/idr0079-hartmann-lateralline/companions/experimentA/FC90367714/FC90367714.companion.ome
Project:name:idr0079-hartmann-lateralline/experimentA/Dataset:name:A_seg	/uod/idr/metadata/idr0079-hartmann-lateralline/companions/experimentA/FC90367714/FC90367714_seg.companion.ome
Project:name:idr0079-hartmann-lateralline/experimentA/Dataset:name:B	/uod/idr/metadata/idr0079-hartmann-lateralline/companions/experimentB/03887B26C1/03887B26C1.companion.ome
Project:name:idr0079-hartmann-lateralline/experimentA/Dataset:name:B_seg	/uod/idr/metadata/idr0079-hartmann-lateralline/companions/experimentB/03887B26C1/03887B26C1_seg.companion.ome
Project:name:idr0079-hartmann-lateralline/experimentA/Dataset:name:B	/uod/idr/metadata/idr0079-hartmann-lateralline/companions/experimentB/03887B26C1/03887B26C1_linUnmix.companion.ome
Project:name:idr0079-hartmann-lateralline/experimentA/Dataset:name:B	/uod/idr/metadata/idr0079-hartmann-lateralline/companions/experimentB/15999C80F3/15999C80F3.companion.ome
Project:name:idr0079-hartmann-lateralline/experimentA/Dataset:name:B_seg	/uod/idr/metadata/idr0079-hartmann-lateralline/companions/experimentB/15999C80F3/15999C80F3_seg.companion.ome
Project:name:idr0079-hartmann-lateralline/experimentA/Dataset:name:B	/uod/idr/metadata/idr0079-hartmann-lateralline/companions/experimentB/15999C80F3/15999C80F3_linUnmix.companion.ome
Project:name:idr0079-hartmann-lateralline/experimentA/Dataset:name:B	/uod/idr/metadata/idr0079-hartmann-lateralline/companions/experimentB/3BD50B1F34/3BD50B1F34.companion.ome
Project:name:idr0079-hartmann-lateralline/experimentA/Dataset:name:B_seg	/uod/idr/metadata/idr0079-hartmann-lateralline/companions/experimentB/3BD50B1F34/3BD50B1F34_seg.companion.ome
Project:name:idr0079-hartmann-lateralline/experimentA/Dataset:name:B	/uod/idr/metadata/idr0079-hartmann-lateralline/companions/experimentB/3BD50B1F34/3BD50B1F34_linUnmix.companion.ome
Project:name:idr0079-hartmann-lateralline/experimentA/Dataset:name:B	/uod/idr/metadata/idr0079-hartmann-lateralline/companions/experimentB/492B944A71/492B944A71.companion.ome
Project:name:idr0079-hartmann-lateralline/experimentA/Dataset:name:B_seg	/uod/idr/metadata/idr0079-hartmann-lateralline/companions/experimentB/492B944A71/492B944A71_seg.companion.ome
Project:name:idr0079-hartmann-lateralline/experimentA/Dataset:name:B	/uod/idr/metadata/idr0079-hartmann-lateralline/companions/experimentB/492B944A71/492B944A71_linUnmix.companion.ome
Project:name:idr0079-hartmann-lateralline/experimentA/Dataset:name:B	/uod/idr/metadata/idr0079-hartmann-lateralline/companions/experimentB/4A644B6C69/4A644B6C69.companion.ome
Project:name:idr0079-hartmann-lateralline/experimentA/Dataset:name:B_seg	/uod/idr/metadata/idr0079-hartmann-lateralline/companions/experimentB/4A644B6C69/4A644B6C69_seg.companion.ome
Project:name:idr0079-hartmann-lateralline/experimentA/Dataset:name:B	/uod/idr/metadata/idr0079-hartmann-lateralline/companions/experimentB/4A644B6C69/4A644B6C69_linUnmix.companion.ome
Project:name:idr0079-hartmann-lateralline/experimentA/Dataset:name:B	/uod/idr/metadata/idr0079-hartmann-lateralline/companions/experimentB/4BDFE7B8D2/4BDFE7B8D2.companion.ome
Project:name:idr0079-hartmann-lateralline/experimentA/Dataset:name:B_seg	/uod/idr/metadata/idr0079-hartmann-lateralline/companions/experimentB/4BDFE7B8D2/4BDFE7B8D2_seg.companion.ome
Project:name:idr0079-hartmann-lateralline/experimentA/Dataset:name:B	/uod/idr/metadata/idr0079-hartmann-lateralline/companions/experimentB/4BDFE7B8D2/4BDFE7B8D2_linUnmix.companion.ome
Project:name:idr0079-hartmann-lateralline/experimentA/Dataset:name:B	/uod/idr/metadata/idr0079-hartmann-lateralline/companions/experimentB/4C059E69BC/4C059E69BC.companion.ome
Project:name:idr0079-hartmann-lateralline/experimentA/Dataset:name:B_seg	/uod/idr/metadata/idr0079-hartmann-lateralline/companions/experimentB/4C059E69BC/4C059E69BC_seg.companion.ome
Project:name:idr0079-hartmann-lateralline/experimentA/Dataset:name:B	/uod/idr/metadata/idr0079-hartmann-lateralline/companions/experimentB/4C059E69BC/4C059E69BC_linUnmix.companion.ome
Project:name:idr0079-hartmann-lateralline/experimentA/Dataset:name:B	/uod/idr/metadata/idr0079-hartmann-lateralline/companions/experimentB/77135D126D/77135D126D.companion.ome
Project:name:idr0079-hartmann-lateralline/experimentA/Dataset:name:B_seg	/uod/idr/metadata/idr0079-hartmann-lateralline/companions/experimentB/77135D126D/77135D126D_seg.companion.ome
Project:name:idr0079-hartmann-lateralline/experimentA/Dataset:name:B	/uod/idr/metadata/idr0079-hartmann-lateralline/companions/experimentB/77135D126D/77135D126D_linUnmix.companion.ome
Project:name:idr0079-hartmann-lateralline/experimentA/Dataset:name:B	/uod/idr/metadata/idr0079-hartmann-lateralline/companions/experimentB/7ADFA42907/7ADFA42907.companion.ome
Project:name:idr0079-hartmann-lateralline/experimentA/Dataset:name:B_seg	/uod/idr/metadata/idr0079-hartmann-lateralline/companions/experimentB/7ADFA42907/7ADFA42907_seg.companion.ome
Project:name:idr0079-hartmann-lateralline/experimentA/Dataset:name:B	/uod/idr/metadata/idr0079-hartmann-lateralline/companions/experimentB/7ADFA42907/7ADFA42907_linUnmix.companion.ome
Project:name:idr0079-hartmann-lateralline/experimentA/Dataset:name:B	/uod/idr/metadata/idr0079-hartmann-lateralline/companions/experimentB/8179A86D76/8179A86D76.companion.ome
Project:name:idr0079-hartmann-lateralline/experimentA/Dataset:name:B_seg	/uod/idr/metadata/idr0079-hartmann-lateralline/companions/experimentB/8179A86D76/8179A86D76_seg.companion.ome
Project:name:idr0079-hartmann-lateralline/experimentA/Dataset:name:B	/uod/idr/metadata/idr0079-hartmann-lateralline/companions/experimentB/8179A86D76/8179A86D76_linUnmix.companion.ome
Project:name:idr0079-hartmann-lateralline/experimentA/Dataset:name:B	/uod/idr/metadata/idr0079-hartmann-lateralline/companions/experimentB/9CB73DC13A/9CB73DC13A.companion.ome
Project:name:idr0079-hartmann-lateralline/experimentA/Dataset:name:B_seg	/uod/idr/metadata/idr0079-hartmann-lateralline/companions/experimentB/9CB73DC13A/9CB73DC13A_seg.companion.ome
Project:name:idr0079-hartmann-lateralline/experimentA/Dataset:name:B	/uod/idr/metadata/idr0079-hartmann-lateralline/companions/experimentB/9CB73DC13A/9CB73DC13A_linUnmix.companion.ome
Project:name:idr0079-hartmann-lateralline/experimentA/Dataset:name:B	/uod/idr/metadata/idr0079-hartmann-lateralline/companions/experimentB/A921B80A44/A921B80A44.companion.ome
Project:name:idr0079-hartmann-lateralline/experimentA/Dataset:name:B_seg	/uod/idr/metadata/idr0079-hartmann-lateralline/companions/experimentB/A921B80A44/A921B80A44_seg.companion.ome
Project:name:idr0079-hartmann-lateralline/experimentA/Dataset:name:B	/uod/idr/metadata/idr0079-hartmann-lateralline/companions/experimentB/A921B80A44/A921B80A44_linUnmix.companion.ome
Project:name:idr0079-hartmann-lateralline/experimentA/Dataset:name:B	/uod/idr/metadata/idr0079-hartmann-lateralline/companions/experimentB/B154DF856B/B154DF856B.companion.ome
Project:name:idr0079-hartmann-lateralline/experimentA/Dataset:name:B_seg	/uod/idr/metadata/idr0079-hartmann-lateralline/companions/experimentB/B154DF856B/B154DF856B_seg.companion.ome
Project:name:idr0079-hartmann-lateralline/experimentA/Dataset:name:B	/uod/idr/metadata/idr0079-hartmann-lateralline/companions/experimentB/B154DF856B/B154DF856B_linUnmix.companion.ome
Project:name:idr0079-hartmann-lateralline/experimentA/Dataset:name:B	/uod/idr/metadata/idr0079-hartmann-lateralline/companions/experimentB/C22FC95129/C22FC95129.companion.ome
Project:name:idr0079-hartmann-lateralline/experimentA/Dataset:name:B_seg	/uod/idr/metadata/idr0079-hartmann-lateralline/companions/experimentB/C22FC95129/C22FC95129_seg.companion.ome
Project:name:idr0079-hartmann-lateralline/experimentA/Dataset:name:B	/uod/idr/metadata/idr0079-hartmann-lateralline/companions/experimentB/C22FC95129/C22FC95129_linUnmix.companion.ome
Project:name:idr0079-hartmann-lateralline/experimentA/Dataset:name:B	/uod/idr/metadata/idr0079-hartmann-lateralline/companions/experimentB/D2470961E8/D2470961E8.companion.ome
Project:name:idr0079-hartmann-lateralline/experimentA/Dataset:name:B_seg	/uod/idr/metadata/idr0079-hartmann-lateralline/companions/experimentB/D2470961E8/D2470961E8_seg.companion.ome
Project:name:idr0079-hartmann-lateralline/experimentA/Dataset:name:B	/uod/idr/metadata/idr0079-hartmann-lateralline/companions/experimentB/D2470961E8/D2470961E8_linUnmix.companion.ome
Project:name:idr0079-hartmann-lateralline/experimentA/Dataset:name:B	/uod/idr/metadata/idr0079-hartmann-lateralline/companions/experimentB/D34B941004/D34B941004.companion.ome
Project:name:idr0079-hartmann-lateralline/experimentA/Dataset:name:B_seg	/uod/idr/metadata/idr0079-hartmann-lateralline/companions/experimentB/D34B941004/D34B941004_seg.companion.ome
Project:name:idr0079-hartmann-lateralline/experimentA/Dataset:name:B	/uod/idr/metadata/idr0079-hartmann-lateralline/companions/experimentB/D34B941004/D34B941004_linUnmix.companion.ome
Project:name:idr0079-hartmann-lateralline/experimentA/Dataset:name:B	/uod/idr/metadata/idr0079-hartmann-lateralline/companions/experimentB/D486DD3904/D486DD3904.companion.ome
Project:name:idr0079-hartmann-lateralline/experimentA/Dataset:name:B_seg	/uod/idr/metadata/idr0079-hartmann-lateralline/companions/experimentB/D486DD3904/D486DD3904_seg.companion.ome
Project:name:idr0079-hartmann-lateralline/experimentA/Dataset:name:B	/uod/idr/metadata/idr0079-hartmann-lateralline/companions/experimentB/D486DD3904/D486DD3904_linUnmix.companion.ome
Project:name:idr0079-hartmann-lateralline/experimentA/Dataset:name:B	/uod/idr/metadata/idr0079-hartmann-lateralline/companions/experimentB/D9314261C0/D9314261C0.companion.ome
Project:name:idr0079-hartmann-lateralline/experimentA/Dataset:name:B_seg	/uod/idr/metadata/idr0079-hartmann-lateralline/companions/experimentB/D9314261C0/D9314261C0_seg.companion.ome
Project:name:idr0079-hartmann-lateralline/experimentA/Dataset:name:B	/uod/idr/metadata/idr0079-hartmann-lateralline/companions/experimentB/D9314261C0/D9314261C0_linUnmix.companion.ome
Project:name:idr0079-hartmann-lateralline/experimentA/Dataset:name:B	/uod/idr/metadata/idr0079-hartmann-lateralline/companions/experimentB/F8346191C7/F8346191C7.companion.ome
Project:name:idr0079-hartmann-lateralline/experimentA/Dataset:name:B_seg	/uod/idr/metadata/idr0079-hartmann-lateralline/companions/experimentB/F8346191C7/F8346191C7_seg.companion.ome
Project:name:idr0079-hartmann-lateralline/experimentA/Dataset:name:B	/uod/idr/metadata/idr0079-hartmann-lateralline/companions/experimentB/F8346191C7/F8346191C7_linUnmix.companion.ome
Project:name:idr0079-hartmann-lateralline/experimentA/Dataset:name:B	/uod/idr/metadata/idr0079-hartmann-lateralline/companions/experimentB/FDE484C778/FDE484C778.companion.ome
Project:name:idr0079-hartmann-lateralline/experimentA/Dataset:name:B_seg	/uod/idr/metadata/idr0079-hartmann-lateralline/companions/experimentB/FDE484C778/FDE484C778_seg.companion.ome
Project:name:idr0079-hartmann-lateralline/experimentA/Dataset:name:B	/uod/idr/metadata/idr0079-hartmann-lateralline/companions/experimentB/FDE484C778/FDE484C778_linUnmix.companion.ome
Project:name:idr0079-hartmann-lateralline/experimentA/Dataset:name:C	/uod/idr/metadata/idr0079-hartmann-lateralline/companions/experimentC/00E41C184C/00E41C184C.companion.ome
Project:name:idr0079-hartmann-lateralline/experimentA/Dataset:name:C_seg	/uod/idr/metadata/idr0079-hartmann-lateralline/companions/experimentC/00E41C184C/00E41C184C_seg.companion.ome
Project:name:idr0079-hartmann-lateralline/experimentA/Dataset:name:C	/uod/idr/metadata/idr0079-hartmann-lateralline/companions/experimentC/296696DB86/296696DB86.companion.ome
Project:name:idr0079-hartmann-lateralline/experimentA/Dataset:name:C_seg	/uod/idr/metadata/idr0079-hartmann-lateralline/companions/experimentC/296696DB86/296696DB86_seg.companion.ome
Project:name:idr0079-hartmann-lateralline/experimentA/Dataset:name:C	/uod/idr/metadata/idr0079-hartmann-lateralline/companions/experimentC/2BDB74A7D6/2BDB74A7D6.companion.ome
Project:name:idr0079-hartmann-lateralline/experimentA/Dataset:name:C_seg	/uod/idr/metadata/idr0079-hartmann-lateralline/companions/experimentC/2BDB74A7D6/2BDB74A7D6_seg.companion.ome
Project:name:idr0079-hartmann-lateralline/experimentA/Dataset:name:C	/uod/idr/metadata/idr0079-hartmann-lateralline/companions/experimentC/2FC33D7301/2FC33D7301.companion.ome
Project:name:idr0079-hartmann-lateralline/experimentA/Dataset:name:C_seg	/uod/idr/metadata/idr0079-hartmann-lateralline/companions/experimentC/2FC33D7301/2FC33D7301_seg.companion.ome
Project:name:idr0079-hartmann-lateralline/experimentA/Dataset:name:C	/uod/idr/metadata/idr0079-hartmann-lateralline/companions/experimentC/39E81EDC34/39E81EDC34.companion.ome
Project:name:idr0079-hartmann-lateralline/experimentA/Dataset:name:C_seg	/uod/idr/metadata/idr0079-hartmann-lateralline/companions/experimentC/39E81EDC34/39E81EDC34_seg.companion.ome
Project:name:idr0079-hartmann-lateralline/experimentA/Dataset:name:C	/uod/idr/metadata/idr0079-hartmann-lateralline/companions/experimentC/567C0C9CB6/567C0C9CB6.companion.ome
Project:name:idr0079-hartmann-lateralline/experimentA/Dataset:name:C_seg	/uod/idr/metadata/idr0079-hartmann-lateralline/companions/experimentC/567C0C9CB6/567C0C9CB6_seg.companion.ome
Project:name:idr0079-hartmann-lateralline/experimentA/Dataset:name:C	/uod/idr/metadata/idr0079-hartmann-lateralline/companions/experimentC/608BEE23AA/608BEE23AA.companion.ome
Project:name:idr0079-hartmann-lateralline/experimentA/Dataset:name:C_seg	/uod/idr/metadata/idr0079-hartmann-lateralline/companions/experimentC/608BEE23AA/608BEE23AA_seg.companion.ome
Project:name:idr0079-hartmann-lateralline/experimentA/Dataset:name:C	/uod/idr/metadata/idr0079-hartmann-lateralline/companions/experimentC/64484C06F9/64484C06F9.companion.ome
Project:name:idr0079-hartmann-lateralline/experimentA/Dataset:name:C_seg	/uod/idr/metadata/idr0079-hartmann-lateralline/companions/experimentC/64484C06F9/64484C06F9_seg.companion.ome
Project:name:idr0079-hartmann-lateralline/experimentA/Dataset:name:C	/uod/idr/metadata/idr0079-hartmann-lateralline/companions/experimentC/7427532FD9/7427532FD9.companion.ome
Project:name:idr0079-hartmann-lateralline/experimentA/Dataset:name:C_seg	/uod/idr/metadata/idr0079-hartmann-lateralline/companions/experimentC/7427532FD9/7427532FD9_seg.companion.ome
Project:name:idr0079-hartmann-lateralline/experimentA/Dataset:name:C	/uod/idr/metadata/idr0079-hartmann-lateralline/companions/experimentC/770CB12681/770CB12681.companion.ome
Project:name:idr0079-hartmann-lateralline/experimentA/Dataset:name:C_seg	/uod/idr/metadata/idr0079-hartmann-lateralline/companions/experimentC/770CB12681/770CB12681_seg.companion.ome
Project:name:idr0079-hartmann-lateralline/experimentA/Dataset:name:C	/uod/idr/metadata/idr0079-hartmann-lateralline/companions/experimentC/8D037347B9/8D037347B9.companion.ome
Project:name:idr0079-hartmann-lateralline/experimentA/Dataset:name:C_seg	/uod/idr/metadata/idr0079-hartmann-lateralline/companions/experimentC/8D037347B9/8D037347B9_seg.companion.ome
Project:name:idr0079-hartmann-lateralline/experimentA/Dataset:name:C	/uod/idr/metadata/idr0079-hartmann-lateralline/companions/experimentC/9B64B26626/9B64B26626.companion.ome
Project:name:idr0079-hartmann-lateralline/experimentA/Dataset:name:C_seg	/uod/idr/metadata/idr0079-hartmann-lateralline/companions/experimentC/9B64B26626/9B64B26626_seg.companion.ome
Project:name:idr0079-hartmann-lateralline/experimentA/Dataset:name:C	/uod/idr/metadata/idr0079-hartmann-lateralline/companions/experimentC/A07C79157A/A07C79157A.companion.ome
Project:name:idr0079-hartmann-lateralline/experimentA/Dataset:name:C_seg	/uod/idr/metadata/idr0079-hartmann-lateralline/companions/experimentC/A07C79157A/A07C79157A_seg.companion.ome
Project:name:idr0079-hartmann-lateralline/experimentA/Dataset:name:C	/uod/idr/metadata/idr0079-hartmann-lateralline/companions/experimentC/A96BA2AE1C/A96BA2AE1C.companion.ome
Project:name:idr0079-hartmann-lateralline/experimentA/Dataset:name:C_seg	/uod/idr/metadata/idr0079-hartmann-lateralline/companions/experimentC/A96BA2AE1C/A96BA2AE1C_seg.companion.ome
Project:name:idr0079-hartmann-lateralline/experimentA/Dataset:name:C	/uod/idr/metadata/idr0079-hartmann-lateralline/companions/experimentC/B2B1FB7EE0/B2B1FB7EE0.companion.ome
Project:name:idr0079-hartmann-lateralline/experimentA/Dataset:name:C_seg	/uod/idr/metadata/idr0079-hartmann-lateralline/companions/experimentC/B2B1FB7EE0/B2B1FB7EE0_seg.companion.ome
Project:name:idr0079-hartmann-lateralline/experimentA/Dataset:name:C	/uod/idr/metadata/idr0079-hartmann-lateralline/companions/experimentC/BCAAF27981/BCAAF27981.companion.ome
Project:name:idr0079-hartmann-lateralline/experimentA/Dataset:name:C_seg	/uod/idr/metadata/idr0079-hartmann-lateralline/companions/experimentC/BCAAF27981/BCAAF27981_seg.companion.ome
Project:name:idr0079-hartmann-lateralline/experimentA/Dataset:name:C	/uod/idr/metadata/idr0079-hartmann-lateralline/companions/experimentC/BCE9C7BBCB/BCE9C7BBCB.companion.ome
Project:name:idr0079-hartmann-lateralline/experimentA/Dataset:name:C_seg	/uod/idr/metadata/idr0079-hartmann-lateralline/companions/experimentC/BCE9C7BBCB/BCE9C7BBCB_seg.companion.ome
Project:name:idr0079-hartmann-lateralline/experimentA/Dataset:name:C	/uod/idr/metadata/idr0079-hartmann-lateralline/companions/experimentC/F465AE8B97/F465AE8B97.companion.ome
Project:name:idr0079-hartmann-lateralline/experimentA/Dataset:name:C_seg	/uod/idr/metadata/idr0079-hartmann-lateralline/companions/experimentC/F465AE8B97/F465AE8B97_seg.companion.ome
Project:name:idr0079-hartmann-lateralline/experimentA/Dataset:name:C	/uod/idr/metadata/idr0079-hartmann-lateralline/companions/experimentC/F80ACE04D5/F80ACE04D5.companion.ome
Project:name:idr0079-hartmann-lateralline/experimentA/Dataset:name:C_seg	/uod/idr/metadata/idr0079-hartmann-lateralline/companions/experimentC/F80ACE04D5/F80ACE04D5_seg.companion.ome
Project:name:idr0079-hartmann-lateralline/experimentA/Dataset:name:D	/uod/idr/metadata/idr0079-hartmann-lateralline/companions/experimentD/1A3F9F428A/1A3F9F428A.companion.ome
Project:name:idr0079-hartmann-lateralline/experimentA/Dataset:name:D_seg	/uod/idr/metadata/idr0079-hartmann-lateralline/companions/experimentD/1A3F9F428A/1A3F9F428A_seg.companion.ome
Project:name:idr0079-hartmann-lateralline/experimentA/Dataset:name:D	/uod/idr/metadata/idr0079-hartmann-lateralline/companions/experimentD/544D6C59FD/544D6C59FD.companion.ome
Project:name:idr0079-hartmann-lateralline/experimentA/Dataset:name:D_seg	/uod/idr/metadata/idr0079-hartmann-lateralline/companions/experimentD/544D6C59FD/544D6C59FD_seg.companion.ome
Project:name:idr0079-hartmann-lateralline/experimentA/Dataset:name:D	/uod/idr/metadata/idr0079-hartmann-lateralline/companions/experimentD/655E9D7D39/655E9D7D39.companion.ome
Project:name:idr0079-hartmann-lateralline/experimentA/Dataset:name:D_seg	/uod/idr/metadata/idr0079-hartmann-lateralline/companions/experimentD/655E9D7D39/655E9D7D39_seg.companion.ome
Project:name:idr0079-hartmann-lateralline/experimentA/Dataset:name:D	/uod/idr/metadata/idr0079-hartmann-lateralline/companions/experimentD/6565C3193C/6565C3193C.companion.ome
Project:name:idr0079-hartmann-lateralline/experimentA/Dataset:name:D_seg	/uod/idr/metadata/idr0079-hartmann-lateralline/companions/experimentD/6565C3193C/6565C3193C_seg.companion.ome
Project:name:idr0079-hartmann-lateralline/experimentA/Dataset:name:D	/uod/idr/metadata/idr0079-hartmann-lateralline/companions/experimentD/8494E67C25/8494E67C25.companion.ome
Project:name:idr0079-hartmann-lateralline/experimentA/Dataset:name:D_seg	/uod/idr/metadata/idr0079-hartmann-lateralline/companions/experimentD/8494E67C25/8494E67C25_seg.companion.ome
Project:name:idr0079-hartmann-lateralline/experimentA/Dataset:name:D	/uod/idr/metadata/idr0079-hartmann-lateralline/companions/experimentD/BACFB0475A/BACFB0475A.companion.ome
Project:name:idr0079-hartmann-lateralline/experimentA/Dataset:name:D_seg	/uod/idr/metadata/idr0079-hartmann-lateralline/companions/experimentD/BACFB0475A/BACFB0475A_seg.companion.ome
Project:name:idr0079-hartmann-lateralline/experimentA/Dataset:name:D	/uod/idr/metadata/idr0079-hartmann-lateralline/companions/experimentD/D6B1A93BDE/D6B1A93BDE.companion.ome
Project:name:idr0079-hartmann-lateralline/experimentA/Dataset:name:D_seg	/uod/idr/metadata/idr0079-hartmann-lateralline/companions/experimentD/D6B1A93BDE/D6B1A93BDE_seg.companion.ome
Project:name:idr0079-hartmann-lateralline/experimentA/Dataset:name:D	/uod/idr/metadata/idr0079-hartmann-lateralline/companions/experimentD/DBD0449625/DBD0449625.companion.ome
Project:name:idr0079-hartmann-lateralline/experimentA/Dataset:name:D_seg	/uod/idr/metadata/idr0079-hartmann-lateralline/companions/experimentD/DBD0449625/DBD0449625_seg.companion.ome
Project:name:idr0079-hartmann-lateralline/experimentA/Dataset:name:D	/uod/idr/metadata/idr0079-hartmann-lateralline/companions/experimentD/E63DB08265/E63DB08265.companion.ome
Project:name:idr0079-hartmann-lateralline/experimentA/Dataset:name:D_seg	/uod/idr/metadata/idr0079-hartmann-lateralline/companions/experimentD/E63DB08265/E63DB08265_seg.companion.ome
Project:name:idr0079-hartmann-lateralline/experimentA/Dataset:name:D	/uod/idr/metadata/idr0079-hartmann-lateralline/companions/experimentD/E99A87B085/E99A87B085.companion.ome
Project:name:idr0079-hartmann-lateralline/experimentA/Dataset:name:D_seg	/uod/idr/metadata/idr0079-hartmann-lateralline/companions/experimentD/E99A87B085/E99A87B085_seg.companion.ome
Project:name:idr0079-hartmann-lateralline/experimentA/Dataset:name:D	/uod/idr/metadata/idr0079-hartmann-lateralline/companions/experimentD/EE11691237/EE11691237.companion.ome
Project:name:idr0079-hartmann-lateralline/experimentA/Dataset:name:D_seg	/uod/idr/metadata/idr0079-hartmann-lateralline/companions/experimentD/EE11691237/EE11691237_seg.companion.ome
Project:name:idr0079-hartmann-lateralline/experimentA/Dataset:name:E	/uod/idr/metadata/idr0079-hartmann-lateralline/companions/experimentE/02ED8CA0B9/02ED8CA0B9.companion.ome
Project:name:idr0079-hartmann-lateralline/experimentA/Dataset:name:E_seg	/uod/idr/metadata/idr0079-hartmann-lateralline/companions/experimentE/02ED8CA0B9/02ED8CA0B9_seg.companion.ome
Project:name:idr0079-hartmann-lateralline/experimentA/Dataset:name:E	/uod/idr/metadata/idr0079-hartmann-lateralline/companions/experimentE/26A9D7093E/26A9D7093E.companion.ome
Project:name:idr0079-hartmann-lateralline/experimentA/Dataset:name:E_seg	/uod/idr/metadata/idr0079-hartmann-lateralline/companions/experimentE/26A9D7093E/26A9D7093E_seg.companion.ome
Project:name:idr0079-hartmann-lateralline/experimentA/Dataset:name:E	/uod/idr/metadata/idr0079-hartmann-lateralline/companions/experimentE/3E0EE13177/3E0EE13177.companion.ome
Project:name:idr0079-hartmann-lateralline/experimentA/Dataset:name:E_seg	/uod/idr/metadata/idr0079-hartmann-lateralline/companions/experimentE/3E0EE13177/3E0EE13177_seg.companion.ome
Project:name:idr0079-hartmann-lateralline/experimentA/Dataset:name:E	/uod/idr/metadata/idr0079-hartmann-lateralline/companions/experimentE/47B31836B0/47B31836B0.companion.ome
Project:name:idr0079-hartmann-lateralline/experimentA/Dataset:name:E_seg	/uod/idr/metadata/idr0079-hartmann-lateralline/companions/experimentE/47B31836B0/47B31836B0_seg.companion.ome
Project:name:idr0079-hartmann-lateralline/experimentA/Dataset:name:E	/uod/idr/metadata/idr0079-hartmann-lateralline/companions/experimentE/61E7CD2F27/61E7CD2F27.companion.ome
Project:name:idr0079-hartmann-lateralline/experimentA/Dataset:name:E_seg	/uod/idr/metadata/idr0079-hartmann-lateralline/companions/experimentE/61E7CD2F27/61E7CD2F27_seg.companion.ome
Project:name:idr0079-hartmann-lateralline/experimentA/Dataset:name:E	/uod/idr/metadata/idr0079-hartmann-lateralline/companions/experimentE/81E0137C14/81E0137C14.companion.ome
Project:name:idr0079-hartmann-lateralline/experimentA/Dataset:name:E_seg	/uod/idr/metadata/idr0079-hartmann-lateralline/companions/experimentE/81E0137C14/81E0137C14_seg.companion.ome
Project:name:idr0079-hartmann-lateralline/experimentA/Dataset:name:E	/uod/idr/metadata/idr0079-hartmann-lateralline/companions/experimentE/828AAFF38C/828AAFF38C.companion.ome
Project:name:idr0079-hartmann-lateralline/experimentA/Dataset:name:E_seg	/uod/idr/metadata/idr0079-hartmann-lateralline/companions/experimentE/828AAFF38C/828AAFF38C_seg.companion.ome
Project:name:idr0079-hartmann-lateralline/experimentA/Dataset:name:E	/uod/idr/metadata/idr0079-hartmann-lateralline/companions/experimentE/86AEB2E414/86AEB2E414.companion.ome
Project:name:idr0079-hartmann-lateralline/experimentA/Dataset:name:E_seg	/uod/idr/metadata/idr0079-hartmann-lateralline/companions/experimentE/86AEB2E414/86AEB2E414_seg.companion.ome
Project:name:idr0079-hartmann-lateralline/experimentA/Dataset:name:E	/uod/idr/metadata/idr0079-hartmann-lateralline/companions/experimentE/889D6DDB1F/889D6DDB1F.companion.ome
Project:name:idr0079-hartmann-lateralline/experimentA/Dataset:name:E_seg	/uod/idr/metadata/idr0079-hartmann-lateralline/companions/experimentE/889D6DDB1F/889D6DDB1F_seg.companion.ome
Project:name:idr0079-hartmann-lateralline/experimentA/Dataset:name:E	/uod/idr/metadata/idr0079-hartmann-lateralline/companions/experimentE/D050E92E38/D050E92E38.companion.ome
Project:name:idr0079-hartmann-lateralline/experimentA/Dataset:name:E_seg	/uod/idr/metadata/idr0079-hartmann-lateralline/companions/experimentE/D050E92E38/D050E92E38_seg.companion.ome
Project:name:idr0079-hartmann-lateralline/experimentA/Dataset:name:E	/uod/idr/metadata/idr0079-hartmann-lateralline/companions/experimentE/D4846901BC/D4846901BC.companion.ome
Project:name:idr0079-hartmann-lateralline/experimentA/Dataset:name:E_seg	/uod/idr/metadata/idr0079-hartmann-lateralline/companions/experimentE/D4846901BC/D4846901BC_seg.companion.ome
Project:name:idr0079-hartmann-lateralline/experimentA/Dataset:name:E	/uod/idr/metadata/idr0079-hartmann-lateralline/companions/experimentE/D4974C20CF/D4974C20CF.companion.ome
Project:name:idr0079-hartmann-lateralline/experimentA/Dataset:name:E_seg	/uod/idr/metadata/idr0079-hartmann-lateralline/companions/experimentE/D4974C20CF/D4974C20CF_seg.companion.ome
Project:name:idr0079-hartmann-lateralline/experimentA/Dataset:name:E	/uod/idr/metadata/idr0079-hartmann-lateralline/companions/experimentE/E75A7F5AE7/E75A7F5AE7.companion.ome
Project:name:idr0079-hartmann-lateralline/experimentA/Dataset:name:E_seg	/uod/idr/metadata/idr0079-hartmann-lateralline/companions/experimentE/E75A7F5AE7/E75A7F5AE7_seg.companion.ome
Project:name:idr0079-hartmann-lateralline/experimentA/Dataset:name:E	/uod/idr/metadata/idr0079-hartmann-lateralline/companions/experimentE/E794F7AE68/E794F7AE68.companion.ome
Project:name:idr0079-hartmann-lateralline/experimentA/Dataset:name:E_seg	/uod/idr/metadata/idr0079-hartmann-lateralline/companions/experimentE/E794F7AE68/E794F7AE68_seg.companion.ome
Project:name:idr0079-hartmann-lateralline/experimentA/Dataset:name:F	/uod/idr/metadata/idr0079-hartmann-lateralline/companions/experimentF/0C7E6EE381/0C7E6EE381.companion.ome
Project:name:idr0079-hartmann-lateralline/experimentA/Dataset:name:F_seg	/uod/idr/metadata/idr0079-hartmann-lateralline/companions/experimentF/0C7E6EE381/0C7E6EE381_seg.companion.ome
Project:name:idr0079-hartmann-lateralline/experimentA/Dataset:name:F	/uod/idr/metadata/idr0079-hartmann-lateralline/companions/experimentF/0F6C27F441/0F6C27F441.companion.ome
Project:name:idr0079-hartmann-lateralline/experimentA/Dataset:name:F_seg	/uod/idr/metadata/idr0079-hartmann-lateralline/companions/experimentF/0F6C27F441/0F6C27F441_seg.companion.ome
Project:name:idr0079-hartmann-lateralline/experimentA/Dataset:name:F	/uod/idr/metadata/idr0079-hartmann-lateralline/companions/experimentF/11E67B39A7/11E67B39A7.companion.ome
Project:name:idr0079-hartmann-lateralline/experimentA/Dataset:name:F_seg	/uod/idr/metadata/idr0079-hartmann-lateralline/companions/experimentF/11E67B39A7/11E67B39A7_seg.companion.ome
Project:name:idr0079-hartmann-lateralline/experimentA/Dataset:name:F	/uod/idr/metadata/idr0079-hartmann-lateralline/companions/experimentF/16A18E70D0/16A18E70D0.companion.ome
Project:name:idr0079-hartmann-lateralline/experimentA/Dataset:name:F_seg	/uod/idr/metadata/idr0079-hartmann-lateralline/companions/experimentF/16A18E70D0/16A18E70D0_seg.companion.ome
Project:name:idr0079-hartmann-lateralline/experimentA/Dataset:name:F	/uod/idr/metadata/idr0079-hartmann-lateralline/companions/experimentF/2B1E6C12B3/2B1E6C12B3.companion.ome
Project:name:idr0079-hartmann-lateralline/experimentA/Dataset:name:F_seg	/uod/idr/metadata/idr0079-hartmann-lateralline/companions/experimentF/2B1E6C12B3/2B1E6C12B3_seg.companion.ome
Project:name:idr0079-hartmann-lateralline/experimentA/Dataset:name:F	/uod/idr/metadata/idr0079-hartmann-lateralline/companions/experimentF/4882D586F3/4882D586F3.companion.ome
Project:name:idr0079-hartmann-lateralline/experimentA/Dataset:name:F_seg	/uod/idr/metadata/idr0079-hartmann-lateralline/companions/experimentF/4882D586F3/4882D586F3_seg.companion.ome
Project:name:idr0079-hartmann-lateralline/experimentA/Dataset:name:F	/uod/idr/metadata/idr0079-hartmann-lateralline/companions/experimentF/52A4FD415A/52A4FD415A.companion.ome
Project:name:idr0079-hartmann-lateralline/experimentA/Dataset:name:F_seg	/uod/idr/metadata/idr0079-hartmann-lateralline/companions/experimentF/52A4FD415A/52A4FD415A_seg.companion.ome
Project:name:idr0079-hartmann-lateralline/experimentA/Dataset:name:F	/uod/idr/metadata/idr0079-hartmann-lateralline/companions/experimentF/7E8CA9482F/7E8CA9482F.companion.ome
Project:name:idr0079-hartmann-lateralline/experimentA/Dataset:name:F_seg	/uod/idr/metadata/idr0079-hartmann-lateralline/companions/experimentF/7E8CA9482F/7E8CA9482F_seg.companion.ome
Project:name:idr0079-hartmann-lateralline/experimentA/Dataset:name:F	/uod/idr/metadata/idr0079-hartmann-lateralline/companions/experimentF/97E18B10B3/97E18B10B3.companion.ome
Project:name:idr0079-hartmann-lateralline/experimentA/Dataset:name:F_seg	/uod/idr/metadata/idr0079-hartmann-lateralline/companions/experimentF/97E18B10B3/97E18B10B3_seg.companion.ome
Project:name:idr0079-hartmann-lateralline/experimentA/Dataset:name:F	/uod/idr/metadata/idr0079-hartmann-lateralline/companions/experimentF/A243257E0D/A243257E0D.companion.ome
Project:name:idr0079-hartmann-lateralline/experimentA/Dataset:name:F_seg	/uod/idr/metadata/idr0079-hartmann-lateralline/companions/experimentF/A243257E0D/A243257E0D_seg.companion.ome
Project:name:idr0079-hartmann-lateralline/experimentA/Dataset:name:F	/uod/idr/metadata/idr0079-hartmann-lateralline/companions/experimentF/A9213445AE/A9213445AE.companion.ome
Project:name:idr0079-hartmann-lateralline/experimentA/Dataset:name:F_seg	/uod/idr/metadata/idr0079-hartmann-lateralline/companions/experimentF/A9213445AE/A9213445AE_seg.companion.ome
Project:name:idr0079-hartmann-lateralline/experimentA/Dataset:name:F	/uod/idr/metadata/idr0079-hartmann-lateralline/companions/experimentF/B6474DAA3E/B6474DAA3E.companion.ome
Project:name:idr0079-hartmann-lateralline/experimentA/Dataset:name:F_seg	/uod/idr/metadata/idr0079-hartmann-lateralline/companions/experimentF/B6474DAA3E/B6474DAA3E_seg.companion.ome
Project:name:idr0079-hartmann-lateralline/experimentA/Dataset:name:F	/uod/idr/metadata/idr0079-hartmann-lateralline/companions/experimentF/DAA0F8D3A9/DAA0F8D3A9.companion.ome
Project:name:idr0079-hartmann-lateralline/experimentA/Dataset:name:F_seg	/uod/idr/metadata/idr0079-hartmann-lateralline/companions/experimentF/DAA0F8D3A9/DAA0F8D3A9_seg.companion.ome
Project:name:idr0079-hartmann-lateralline/experimentA/Dataset:name:F	/uod/idr/metadata/idr0079-hartmann-lateralline/companions/experimentF/E0EB753C48/E0EB753C48.companion.ome
Project:name:idr0079-hartmann-lateralline/experimentA/Dataset:name:F_seg	/uod/idr/metadata/idr0079-hartmann-lateralline/companions/experimentF/E0EB753C48/E0EB753C48_seg.companion.ome
Project:name:idr0079-hartmann-lateralline/experimentA/Dataset:name:F	/uod/idr/metadata/idr0079-hartmann-lateralline/companions/experimentF/E17C99121A/E17C99121A.companion.ome
Project:name:idr0079-hartmann-lateralline/experimentA/Dataset:name:F_seg	/uod/idr/metadata/idr0079-hartmann-lateralline/companions/experimentF/E17C99121A/E17C99121A_seg.companion.ome
Project:name:idr0079-hartmann-lateralline/experimentA/Dataset:name:F	/uod/idr/metadata/idr0079-hartmann-lateralline/companions/experimentF/E4044535BE/E4044535BE.companion.ome
Project:name:idr0079-hartmann-lateralline/experimentA/Dataset:name:F_seg	/uod/idr/metadata/idr0079-hartmann-lateralline/companions/experimentF/E4044535BE/E4044535BE_seg.companion.ome
Project:name:idr0079-hartmann-lateralline/experimentA/Dataset:name:F	/uod/idr/metadata/idr0079-hartmann-lateralline/companions/experimentF/F41E584C7C/F41E584C7C.companion.ome
Project:name:idr0079-hartmann-lateralline/experimentA/Dataset:name:F_seg	/uod/idr/metadata/idr0079-hartmann-lateralline/companions/experimentF/F41E584C7C/F41E584C7C_seg.companion.ome
Project:name:idr0079-hartmann-lateralline/experimentA/Dataset:name:F	/uod/idr/metadata/idr0079-hartmann-lateralline/companions/experimentF/FCC5A372FC/FCC5A372FC.companion.ome
Project:name:idr0079-hartmann-lateralline/experimentA/Dataset:name:F_seg	/uod/idr/metadata/idr0079-hartmann-lateralline/companions/experimentF/FCC5A372FC/FCC5A372FC_seg.companion.ome
Project:name:idr0079-hartmann-lateralline/experimentA/Dataset:name:F	/uod/idr/metadata/idr0079-hartmann-lateralline/companions/experimentF/FFFB66830A/FFFB66830A.companion.ome
Project:name:idr0079-hartmann-lateralline/experimentA/Dataset:name:F_seg	/uod/idr/metadata/idr0079-hartmann-lateralline/companions/experimentF/FFFB66830A/FFFB66830A_seg.companion.ome
Project:name:idr0079-hartmann-lateralline/experimentA/Dataset:name:G	/uod/idr/metadata/idr0079-hartmann-lateralline/companions/experimentG/09034FB7F0/09034FB7F0.companion.ome
Project:name:idr0079-hartmann-lateralline/experimentA/Dataset:name:G_seg	/uod/idr/metadata/idr0079-hartmann-lateralline/companions/experimentG/09034FB7F0/09034FB7F0_seg.companion.ome
Project:name:idr0079-hartmann-lateralline/experimentA/Dataset:name:G	/uod/idr/metadata/idr0079-hartmann-lateralline/companions/experimentG/13BE29A615/13BE29A615.companion.ome
Project:name:idr0079-hartmann-lateralline/experimentA/Dataset:name:G_seg	/uod/idr/metadata/idr0079-hartmann-lateralline/companions/experimentG/13BE29A615/13BE29A615_seg.companion.ome
Project:name:idr0079-hartmann-lateralline/experimentA/Dataset:name:G	/uod/idr/metadata/idr0079-hartmann-lateralline/companions/experimentG/321DEF59FC/321DEF59FC.companion.ome
Project:name:idr0079-hartmann-lateralline/experimentA/Dataset:name:G_seg	/uod/idr/metadata/idr0079-hartmann-lateralline/companions/experimentG/321DEF59FC/321DEF59FC_seg.companion.ome
Project:name:idr0079-hartmann-lateralline/experimentA/Dataset:name:G	/uod/idr/metadata/idr0079-hartmann-lateralline/companions/experimentG/32FF7CB088/32FF7CB088.companion.ome
Project:name:idr0079-hartmann-lateralline/experimentA/Dataset:name:G_seg	/uod/idr/metadata/idr0079-hartmann-lateralline/companions/experimentG/32FF7CB088/32FF7CB088_seg.companion.ome
Project:name:idr0079-hartmann-lateralline/experimentA/Dataset:name:G	/uod/idr/metadata/idr0079-hartmann-lateralline/companions/experimentG/3CAACDE565/3CAACDE565.companion.ome
Project:name:idr0079-hartmann-lateralline/experimentA/Dataset:name:G_seg	/uod/idr/metadata/idr0079-hartmann-lateralline/companions/experimentG/3CAACDE565/3CAACDE565_seg.companion.ome
Project:name:idr0079-hartmann-lateralline/experimentA/Dataset:name:G	/uod/idr/metadata/idr0079-hartmann-lateralline/companions/experimentG/597E83AEEE/597E83AEEE.companion.ome
Project:name:idr0079-hartmann-lateralline/experimentA/Dataset:name:G_seg	/uod/idr/metadata/idr0079-hartmann-lateralline/companions/experimentG/597E83AEEE/597E83AEEE_seg.companion.ome
Project:name:idr0079-hartmann-lateralline/experimentA/Dataset:name:G	/uod/idr/metadata/idr0079-hartmann-lateralline/companions/experimentG/622ABBE65A/622ABBE65A.companion.ome
Project:name:idr0079-hartmann-lateralline/experimentA/Dataset:name:G_seg	/uod/idr/metadata/idr0079-hartmann-lateralline/companions/experimentG/622ABBE65A/622ABBE65A_seg.companion.ome
Project:name:idr0079-hartmann-lateralline/experimentA/Dataset:name:G	/uod/idr/metadata/idr0079-hartmann-lateralline/companions/experimentG/6E3DAA637E/6E3DAA637E.companion.ome
Project:name:idr0079-hartmann-lateralline/experimentA/Dataset:name:G_seg	/uod/idr/metadata/idr0079-hartmann-lateralline/companions/experimentG/6E3DAA637E/6E3DAA637E_seg.companion.ome
Project:name:idr0079-hartmann-lateralline/experimentA/Dataset:name:G	/uod/idr/metadata/idr0079-hartmann-lateralline/companions/experimentG/7A19015670/7A19015670.companion.ome
Project:name:idr0079-hartmann-lateralline/experimentA/Dataset:name:G_seg	/uod/idr/metadata/idr0079-hartmann-lateralline/companions/experimentG/7A19015670/7A19015670_seg.companion.ome
Project:name:idr0079-hartmann-lateralline/experimentA/Dataset:name:G	/uod/idr/metadata/idr0079-hartmann-lateralline/companions/experimentG/C0FBC841C5/C0FBC841C5.companion.ome
Project:name:idr0079-hartmann-lateralline/experimentA/Dataset:name:G_seg	/uod/idr/metadata/idr0079-hartmann-lateralline/companions/experimentG/C0FBC841C5/C0FBC841C5_seg.companion.ome
Project:name:idr0079-hartmann-lateralline/experimentA/Dataset:name:G	/uod/idr/metadata/idr0079-hartmann-lateralline/companions/experimentG/D7313FE224/D7313FE224.companion.ome
Project:name:idr0079-hartmann-lateralline/experimentA/Dataset:name:G_seg	/uod/idr/metadata/idr0079-hartmann-lateralline/companions/experimentG/D7313FE224/D7313FE224_seg.companion.ome
Project:name:idr0079-hartmann-lateralline/experimentA/Dataset:name:G	/uod/idr/metadata/idr0079-hartmann-lateralline/companions/experimentG/D738F5D435/D738F5D435.companion.ome
Project:name:idr0079-hartmann-lateralline/experimentA/Dataset:name:G_seg	/uod/idr/metadata/idr0079-hartmann-lateralline/companions/experimentG/D738F5D435/D738F5D435_seg.companion.ome
Project:name:idr0079-hartmann-lateralline/experimentA/Dataset:name:G	/uod/idr/metadata/idr0079-hartmann-lateralline/companions/experimentG/FC76253BAE/FC76253BAE.companion.ome
Project:name:idr0079-hartmann-lateralline/experimentA/Dataset:name:G_seg	/uod/idr/metadata/idr0079-hartmann-lateralline/companions/experimentG/FC76253BAE/FC76253BAE_seg.companion.ome
Project:name:idr0079-hartmann-lateralline/experimentA/Dataset:name:H	/uod/idr/metadata/idr0079-hartmann-lateralline/companions/experimentH/0AF10D7E72/0AF10D7E72.companion.ome
Project:name:idr0079-hartmann-lateralline/experimentA/Dataset:name:H_seg	/uod/idr/metadata/idr0079-hartmann-lateralline/companions/experimentH/0AF10D7E72/0AF10D7E72_seg.companion.ome
Project:name:idr0079-hartmann-lateralline/experimentA/Dataset:name:H	/uod/idr/metadata/idr0079-hartmann-lateralline/companions/experimentH/0BC19C020F/0BC19C020F.companion.ome
Project:name:idr0079-hartmann-lateralline/experimentA/Dataset:name:H_seg	/uod/idr/metadata/idr0079-hartmann-lateralline/companions/experimentH/0BC19C020F/0BC19C020F_seg.companion.ome
Project:name:idr0079-hartmann-lateralline/experimentA/Dataset:name:H	/uod/idr/metadata/idr0079-hartmann-lateralline/companions/experimentH/1648A8CC34/1648A8CC34.companion.ome
Project:name:idr0079-hartmann-lateralline/experimentA/Dataset:name:H_seg	/uod/idr/metadata/idr0079-hartmann-lateralline/companions/experimentH/1648A8CC34/1648A8CC34_seg.companion.ome
Project:name:idr0079-hartmann-lateralline/experimentA/Dataset:name:H	/uod/idr/metadata/idr0079-hartmann-lateralline/companions/experimentH/32DC08CA03/32DC08CA03.companion.ome
Project:name:idr0079-hartmann-lateralline/experimentA/Dataset:name:H_seg	/uod/idr/metadata/idr0079-hartmann-lateralline/companions/experimentH/32DC08CA03/32DC08CA03_seg.companion.ome
Project:name:idr0079-hartmann-lateralline/experimentA/Dataset:name:H	/uod/idr/metadata/idr0079-hartmann-lateralline/companions/experimentH/43665D3AE9/43665D3AE9.companion.ome
Project:name:idr0079-hartmann-lateralline/experimentA/Dataset:name:H_seg	/uod/idr/metadata/idr0079-hartmann-lateralline/companions/experimentH/43665D3AE9/43665D3AE9_seg.companion.ome
Project:name:idr0079-hartmann-lateralline/experimentA/Dataset:name:H	/uod/idr/metadata/idr0079-hartmann-lateralline/companions/experimentH/67FD8A06DA/67FD8A06DA.companion.ome
Project:name:idr0079-hartmann-lateralline/experimentA/Dataset:name:H_seg	/uod/idr/metadata/idr0079-hartmann-lateralline/companions/experimentH/67FD8A06DA/67FD8A06DA_seg.companion.ome
Project:name:idr0079-hartmann-lateralline/experimentA/Dataset:name:H	/uod/idr/metadata/idr0079-hartmann-lateralline/companions/experimentH/9169ADF9A0/9169ADF9A0.companion.ome
Project:name:idr0079-hartmann-lateralline/experimentA/Dataset:name:H_seg	/uod/idr/metadata/idr0079-hartmann-lateralline/companions/experimentH/9169ADF9A0/9169ADF9A0_seg.companion.ome
Project:name:idr0079-hartmann-lateralline/experimentA/Dataset:name:H	/uod/idr/metadata/idr0079-hartmann-lateralline/companions/experimentH/9B3C4C613D/9B3C4C613D.companion.ome
Project:name:idr0079-hartmann-lateralline/experimentA/Dataset:name:H_seg	/uod/idr/metadata/idr0079-hartmann-lateralline/companions/experimentH/9B3C4C613D/9B3C4C613D_seg.companion.ome
Project:name:idr0079-hartmann-lateralline/experimentA/Dataset:name:H	/uod/idr/metadata/idr0079-hartmann-lateralline/companions/experimentH/C11B3A3777/C11B3A3777.companion.ome
Project:name:idr0079-hartmann-lateralline/experimentA/Dataset:name:H_seg	/uod/idr/metadata/idr0079-hartmann-lateralline/companions/experimentH/C11B3A3777/C11B3A3777_seg.companion.ome
Project:name:idr0079-hartmann-lateralline/experimentA/Dataset:name:H	/uod/idr/metadata/idr0079-hartmann-lateralline/companions/experimentH/DE267BC41F/DE267BC41F.companion.ome
Project:name:idr0079-hartmann-lateralline/experimentA/Dataset:name:H_seg	/uod/idr/metadata/idr0079-hartmann-lateralline/companions/experimentH/DE267BC41F/DE267BC41F_seg.companion.ome
Project:name:idr0079-hartmann-lateralline/experimentA/Dataset:name:I	/uod/idr/metadata/idr0079-hartmann-lateralline/companions/experimentI/119F60A8CE/119F60A8CE.companion.ome
Project:name:idr0079-hartmann-lateralline/experimentA/Dataset:name:I_seg	/uod/idr/metadata/idr0079-hartmann-lateralline/companions/experimentI/119F60A8CE/119F60A8CE_seg.companion.ome
Project:name:idr0079-hartmann-lateralline/experimentA/Dataset:name:I	/uod/idr/metadata/idr0079-hartmann-lateralline/companions/experimentI/464E37847A/464E37847A.companion.ome
Project:name:idr0079-hartmann-lateralline/experimentA/Dataset:name:I_seg	/uod/idr/metadata/idr0079-hartmann-lateralline/companions/experimentI/464E37847A/464E37847A_seg.companion.ome
Project:name:idr0079-hartmann-lateralline/experimentA/Dataset:name:I	/uod/idr/metadata/idr0079-hartmann-lateralline/companions/experimentI/4CDB5D1964/4CDB5D1964.companion.ome
Project:name:idr0079-hartmann-lateralline/experimentA/Dataset:name:I_seg	/uod/idr/metadata/idr0079-hartmann-lateralline/companions/experimentI/4CDB5D1964/4CDB5D1964_seg.companion.ome
Project:name:idr0079-hartmann-lateralline/experimentA/Dataset:name:I	/uod/idr/metadata/idr0079-hartmann-lateralline/companions/experimentI/6525AAE2D9/6525AAE2D9.companion.ome
Project:name:idr0079-hartmann-lateralline/experimentA/Dataset:name:I_seg	/uod/idr/metadata/idr0079-hartmann-lateralline/companions/experimentI/6525AAE2D9/6525AAE2D9_seg.companion.ome
Project:name:idr0079-hartmann-lateralline/experimentA/Dataset:name:I	/uod/idr/metadata/idr0079-hartmann-lateralline/companions/experimentI/66A939E038/66A939E038.companion.ome
Project:name:idr0079-hartmann-lateralline/experimentA/Dataset:name:I_seg	/uod/idr/metadata/idr0079-hartmann-lateralline/companions/experimentI/66A939E038/66A939E038_seg.companion.ome
Project:name:idr0079-hartmann-lateralline/experimentA/Dataset:name:I	/uod/idr/metadata/idr0079-hartmann-lateralline/companions/experimentI/6EA948A72F/6EA948A72F.companion.ome
Project:name:idr0079-hartmann-lateralline/experimentA/Dataset:name:I_seg	/uod/idr/metadata/idr0079-hartmann-lateralline/companions/experimentI/6EA948A72F/6EA948A72F_seg.companion.ome
Project:name:idr0079-hartmann-lateralline/experimentA/Dataset:name:I	/uod/idr/metadata/idr0079-hartmann-lateralline/companions/experimentI/762D43C95A/762D43C95A.companion.ome
Project:name:idr0079-hartmann-lateralline/experimentA/Dataset:name:I_seg	/uod/idr/metadata/idr0079-hartmann-lateralline/companions/experimentI/762D43C95A/762D43C95A_seg.companion.ome
Project:name:idr0079-hartmann-lateralline/experimentA/Dataset:name:I	/uod/idr/metadata/idr0079-hartmann-lateralline/companions/experimentI/7B241168C9/7B241168C9.companion.ome
Project:name:idr0079-hartmann-lateralline/experimentA/Dataset:name:I_seg	/uod/idr/metadata/idr0079-hartmann-lateralline/companions/experimentI/7B241168C9/7B241168C9_seg.companion.ome
Project:name:idr0079-hartmann-lateralline/experimentA/Dataset:name:I	/uod/idr/metadata/idr0079-hartmann-lateralline/companions/experimentI/7FBF9F8ABD/7FBF9F8ABD.companion.ome
Project:name:idr0079-hartmann-lateralline/experimentA/Dataset:name:I_seg	/uod/idr/metadata/idr0079-hartmann-lateralline/companions/experimentI/7FBF9F8ABD/7FBF9F8ABD_seg.companion.ome
Project:name:idr0079-hartmann-lateralline/experimentA/Dataset:name:I	/uod/idr/metadata/idr0079-hartmann-lateralline/companions/experimentI/88B2F980DC/88B2F980DC.companion.ome
Project:name:idr0079-hartmann-lateralline/experimentA/Dataset:name:I_seg	/uod/idr/metadata/idr0079-hartmann-lateralline/companions/experimentI/88B2F980DC/88B2F980DC_seg.companion.ome
Project:name:idr0079-hartmann-lateralline/experimentA/Dataset:name:I	/uod/idr/metadata/idr0079-hartmann-lateralline/companions/experimentI/8B697371A1/8B697371A1.companion.ome
Project:name:idr0079-hartmann-lateralline/experimentA/Dataset:name:I_seg	/uod/idr/metadata/idr0079-hartmann-lateralline/companions/experimentI/8B697371A1/8B697371A1_seg.companion.ome
Project:name:idr0079-hartmann-lateralline/experimentA/Dataset:name:I	/uod/idr/metadata/idr0079-hartmann-lateralline/companions/experimentI/9AEE3FC822/9AEE3FC822.companion.ome
Project:name:idr0079-hartmann-lateralline/experimentA/Dataset:name:I_seg	/uod/idr/metadata/idr0079-hartmann-lateralline/companions/experimentI/9AEE3FC822/9AEE3FC822_seg.companion.ome
Project:name:idr0079-hartmann-lateralline/experimentA/Dataset:name:I	/uod/idr/metadata/idr0079-hartmann-lateralline/companions/experimentI/C477F10711/C477F10711.companion.ome
Project:name:idr0079-hartmann-lateralline/experimentA/Dataset:name:I_seg	/uod/idr/metadata/idr0079-hartmann-lateralline/companions/experimentI/C477F10711/C477F10711_seg.companion.ome
Project:name:idr0079-hartmann-lateralline/experimentA/Dataset:name:I	/uod/idr/metadata/idr0079-hartmann-lateralline/companions/experimentI/D995B41047/D995B41047.companion.ome
Project:name:idr0079-hartmann-lateralline/experimentA/Dataset:name:I_seg	/uod/idr/metadata/idr0079-hartmann-lateralline/companions/experimentI/D995B41047/D995B41047_seg.companion.ome
Project:name:idr0079-hartmann-lateralline/experimentA/Dataset:name:J	/uod/idr/metadata/idr0079-hartmann-lateralline/companions/experimentJ/128F6F3122/128F6F3122.companion.ome
Project:name:idr0079-hartmann-lateralline/experimentA/Dataset:name:J_seg	/uod/idr/metadata/idr0079-hartmann-lateralline/companions/experimentJ/128F6F3122/128F6F3122_seg.companion.ome
Project:name:idr0079-hartmann-lateralline/experimentA/Dataset:name:J	/uod/idr/metadata/idr0079-hartmann-lateralline/companions/experimentJ/17F755A430/17F755A430.companion.ome
Project:name:idr0079-hartmann-lateralline/experimentA/Dataset:name:J_seg	/uod/idr/metadata/idr0079-hartmann-lateralline/companions/experimentJ/17F755A430/17F755A430_seg.companion.ome
Project:name:idr0079-hartmann-lateralline/experimentA/Dataset:name:J	/uod/idr/metadata/idr0079-hartmann-lateralline/companions/experimentJ/2140A358CC/2140A358CC.companion.ome
Project:name:idr0079-hartmann-lateralline/experimentA/Dataset:name:J_seg	/uod/idr/metadata/idr0079-hartmann-lateralline/companions/experimentJ/2140A358CC/2140A358CC_seg.companion.ome
Project:name:idr0079-hartmann-lateralline/experimentA/Dataset:name:J	/uod/idr/metadata/idr0079-hartmann-lateralline/companions/experimentJ/23BA70245C/23BA70245C.companion.ome
Project:name:idr0079-hartmann-lateralline/experimentA/Dataset:name:J_seg	/uod/idr/metadata/idr0079-hartmann-lateralline/companions/experimentJ/23BA70245C/23BA70245C_seg.companion.ome
Project:name:idr0079-hartmann-lateralline/experimentA/Dataset:name:J	/uod/idr/metadata/idr0079-hartmann-lateralline/companions/experimentJ/4CFD671A2E/4CFD671A2E.companion.ome
Project:name:idr0079-hartmann-lateralline/experimentA/Dataset:name:J_seg	/uod/idr/metadata/idr0079-hartmann-lateralline/companions/experimentJ/4CFD671A2E/4CFD671A2E_seg.companion.ome
Project:name:idr0079-hartmann-lateralline/experimentA/Dataset:name:J	/uod/idr/metadata/idr0079-hartmann-lateralline/companions/experimentJ/5485505C8F/5485505C8F.companion.ome
Project:name:idr0079-hartmann-lateralline/experimentA/Dataset:name:J_seg	/uod/idr/metadata/idr0079-hartmann-lateralline/companions/experimentJ/5485505C8F/5485505C8F_seg.companion.ome
Project:name:idr0079-hartmann-lateralline/experimentA/Dataset:name:J	/uod/idr/metadata/idr0079-hartmann-lateralline/companions/experimentJ/63BC284B28/63BC284B28.companion.ome
Project:name:idr0079-hartmann-lateralline/experimentA/Dataset:name:J_seg	/uod/idr/metadata/idr0079-hartmann-lateralline/companions/experimentJ/63BC284B28/63BC284B28_seg.companion.ome
Project:name:idr0079-hartmann-lateralline/experimentA/Dataset:name:J	/uod/idr/metadata/idr0079-hartmann-lateralline/companions/experimentJ/65B83F355D/65B83F355D.companion.ome
Project:name:idr0079-hartmann-lateralline/experimentA/Dataset:name:J_seg	/uod/idr/metadata/idr0079-hartmann-lateralline/companions/experimentJ/65B83F355D/65B83F355D_seg.companion.ome
Project:name:idr0079-hartmann-lateralline/experimentA/Dataset:name:J	/uod/idr/metadata/idr0079-hartmann-lateralline/companions/experimentJ/69DCD8A8EA/69DCD8A8EA.companion.ome
Project:name:idr0079-hartmann-lateralline/experimentA/Dataset:name:J_seg	/uod/idr/metadata/idr0079-hartmann-lateralline/companions/experimentJ/69DCD8A8EA/69DCD8A8EA_seg.companion.ome
Project:name:idr0079-hartmann-lateralline/experimentA/Dataset:name:J	/uod/idr/metadata/idr0079-hartmann-lateralline/companions/experimentJ/6B76772EDD/6B76772EDD.companion.ome
Project:name:idr0079-hartmann-lateralline/experimentA/Dataset:name:J_seg	/uod/idr/metadata/idr0079-hartmann-lateralline/companions/experimentJ/6B76772EDD/6B76772EDD_seg.companion.ome
Project:name:idr0079-hartmann-lateralline/experimentA/Dataset:name:J	/uod/idr/metadata/idr0079-hartmann-lateralline/companions/experimentJ/72966B3C13/72966B3C13.companion.ome
Project:name:idr0079-hartmann-lateralline/experimentA/Dataset:name:J_seg	/uod/idr/metadata/idr0079-hartmann-lateralline/companions/experimentJ/72966B3C13/72966B3C13_seg.companion.ome
Project:name:idr0079-hartmann-lateralline/experimentA/Dataset:name:J	/uod/idr/metadata/idr0079-hartmann-lateralline/companions/experimentJ/87AA6901DC/87AA6901DC.companion.ome
Project:name:idr0079-hartmann-lateralline/experimentA/Dataset:name:J_seg	/uod/idr/metadata/idr0079-hartmann-lateralline/companions/experimentJ/87AA6901DC/87AA6901DC_seg.companion.ome
Project:name:idr0079-hartmann-lateralline/experimentA/Dataset:name:J	/uod/idr/metadata/idr0079-hartmann-lateralline/companions/experimentJ/8E0B101116/8E0B101116.companion.ome
Project:name:idr0079-hartmann-lateralline/experimentA/Dataset:name:J_seg	/uod/idr/metadata/idr0079-hartmann-lateralline/companions/experimentJ/8E0B101116/8E0B101116_seg.companion.ome
Project:name:idr0079-hartmann-lateralline/experimentA/Dataset:name:J	/uod/idr/metadata/idr0079-hartmann-lateralline/companions/experimentJ/9134C9CCA6/9134C9CCA6.companion.ome
Project:name:idr0079-hartmann-lateralline/experimentA/Dataset:name:J_seg	/uod/idr/metadata/idr0079-hartmann-lateralline/companions/experimentJ/9134C9CCA6/9134C9CCA6_seg.companion.ome
Project:name:idr0079-hartmann-lateralline/experimentA/Dataset:name:J	/uod/idr/metadata/idr0079-hartmann-lateralline/companions/experimentJ/91C50915A3/91C50915A3.companion.ome
Project:name:idr0079-hartmann-lateralline/experimentA/Dataset:name:J_seg	/uod/idr/metadata/idr0079-hartmann-lateralline/companions/experimentJ/91C50915A3/91C50915A3_seg.companion.ome
Project:name:idr0079-hartmann-lateralline/experimentA/Dataset:name:J	/uod/idr/metadata/idr0079-hartmann-lateralline/companions/experimentJ/DA5B48D528/DA5B48D528.companion.ome
Project:name:idr0079-hartmann-lateralline/experimentA/Dataset:name:J_seg	/uod/idr/metadata/idr0079-hartmann-lateralline/companions/experimentJ/DA5B48D528/DA5B48D528_seg.companion.ome
Project:name:idr0079-hartmann-lateralline/experimentA/Dataset:name:J	/uod/idr/metadata/idr0079-hartmann-lateralline/companions/experimentJ/E536464063/E536464063.companion.ome
Project:name:idr0079-hartmann-lateralline/experimentA/Dataset:name:J_seg	/uod/idr/metadata/idr0079-hartmann-lateralline/companions/experimentJ/E536464063/E536464063_seg.companion.ome
Project:name:idr0079-hartmann-lateralline/experimentA/Dataset:name:J	/uod/idr/metadata/idr0079-hartmann-lateralline/companions/experimentJ/E5821032EA/E5821032EA.companion.ome
Project:name:idr0079-hartmann-lateralline/experimentA/Dataset:name:J_seg	/uod/idr/metadata/idr0079-hartmann-lateralline/companions/experimentJ/E5821032EA/E5821032EA_seg.companion.ome
Project:name:idr0079-hartmann-lateralline/experimentA/Dataset:name:J	/uod/idr/metadata/idr0079-hartmann-lateralline/companions/experimentJ/E641CD81AC/E641CD81AC.companion.ome
Project:name:idr0079-hartmann-lateralline/experimentA/Dataset:name:J_seg	/uod/idr/metadata/idr0079-hartmann-lateralline/companions/experimentJ/E641CD81AC/E641CD81AC_seg.companion.ome
Project:name:idr0079-hartmann-lateralline/experimentA/Dataset:name:J	/uod/idr/metadata/idr0079-hartmann-lateralline/companions/experimentJ/F6B5B972FB/F6B5B972FB.companion.ome
Project:name:idr0079-hartmann-lateralline/experimentA/Dataset:name:J_seg	/uod/idr/metadata/idr0079-hartmann-lateralline/companions/experimentJ/F6B5B972FB/F6B5B972FB_seg.companion.ome
Project:name:idr0079-hartmann-lateralline/experimentA/Dataset:name:J	/uod/idr/metadata/idr0079-hartmann-lateralline/companions/experimentJ/FEE47C8063/FEE47C8063.companion.ome
Project:name:idr0079-hartmann-lateralline/experimentA/Dataset:name:J_seg	/uod/idr/metadata/idr0079-hartmann-lateralline/companions/experimentJ/FEE47C8063/FEE47C8063_seg.companion.ome